{"v":"5.6.10","fr":30,"ip":0,"op":71,"w":834,"h":834,"nm":"合成 2","ddd":0,"assets":[{"id":"comp_0","layers":[{"ddd":0,"ind":1,"ty":4,"nm":"Shape Layer 1","sr":1,"ks":{"o":{"a":0,"k":50,"ix":11},"r":{"a":0,"k":0,"ix":10},"p":{"a":0,"k":[560.5,848,0],"ix":2},"a":{"a":0,"k":[20.5,272,0],"ix":1},"s":{"a":1,"k":[{"i":{"x":[0.833,0.833,0.833],"y":[0.833,1,1]},"o":{"x":[0.167,0.167,0.167],"y":[0.167,0,0]},"t":0,"s":[90,100,100]},{"i":{"x":[0.833,0.833,0.833],"y":[0.833,1,1]},"o":{"x":[0.167,0.167,0.167],"y":[0.167,0,0]},"t":5,"s":[100,100,100]},{"i":{"x":[0.833,0.833,0.833],"y":[0.833,1,1]},"o":{"x":[0.167,0.167,0.167],"y":[0.167,0,0]},"t":10,"s":[90,100,100]},{"i":{"x":[0.833,0.833,0.833],"y":[0.833,1,1]},"o":{"x":[0.167,0.167,0.167],"y":[0.167,0,0]},"t":15,"s":[100,100,100]},{"i":{"x":[0.833,0.833,0.833],"y":[0.833,1,1]},"o":{"x":[0.167,0.167,0.167],"y":[0.167,0,0]},"t":20,"s":[90,100,100]},{"i":{"x":[0.833,0.833,0.833],"y":[0.833,1,1]},"o":{"x":[0.167,0.167,0.167],"y":[0.167,0,0]},"t":25,"s":[100,100,100]},{"i":{"x":[0.833,0.833,0.833],"y":[0.833,1,1]},"o":{"x":[0.167,0.167,0.167],"y":[0.167,0,0]},"t":30,"s":[90,100,100]},{"i":{"x":[0.833,0.833,0.833],"y":[0.833,1,1]},"o":{"x":[0.167,0.167,0.167],"y":[0.167,0,0]},"t":35,"s":[100,100,100]},{"i":{"x":[0.833,0.833,0.833],"y":[0.833,1,1]},"o":{"x":[0.167,0.167,0.167],"y":[0.167,0,0]},"t":40,"s":[90,100,100]},{"i":{"x":[0.833,0.833,0.833],"y":[0.833,1,1]},"o":{"x":[0.167,0.167,0.167],"y":[0.167,0,0]},"t":45,"s":[100,100,100]},{"i":{"x":[0.833,0.833,0.833],"y":[0.833,1,1]},"o":{"x":[0.167,0.167,0.167],"y":[0.167,0,0]},"t":50,"s":[90,100,100]},{"i":{"x":[0.833,0.833,0.833],"y":[0.833,1,1]},"o":{"x":[0.167,0.167,0.167],"y":[0.167,0,0]},"t":55,"s":[100,100,100]},{"i":{"x":[0.833,0.833,0.833],"y":[0.833,1,1]},"o":{"x":[0.167,0.167,0.167],"y":[0.167,0,0]},"t":60,"s":[90,100,100]},{"i":{"x":[0.833,0.833,0.833],"y":[0.833,1,1]},"o":{"x":[0.167,0.167,0.167],"y":[0.167,0,0]},"t":65,"s":[100,100,100]},{"i":{"x":[0.833,0.833,0.833],"y":[0.833,1,1]},"o":{"x":[0.167,0.167,0.167],"y":[0.167,0,0]},"t":70,"s":[90,100,100]},{"i":{"x":[0.833,0.833,0.833],"y":[0.833,1,1]},"o":{"x":[0.167,0.167,0.167],"y":[0.167,0,0]},"t":75,"s":[100,100,100]},{"t":80,"s":[90,100,100]}],"ix":6}},"ao":0,"shapes":[{"ty":"gr","it":[{"ind":0,"ty":"sh","ix":1,"ks":{"a":0,"k":{"i":[[0,0],[0,0]],"o":[[0,0],[0,0]],"v":[[-222,272],[263,272]],"c":false},"ix":2},"nm":"路径 1","mn":"ADBE Vector Shape - Group","hd":false},{"ty":"st","c":{"a":0,"k":[0,0,0,1],"ix":3},"o":{"a":0,"k":100,"ix":4},"w":{"a":0,"k":18,"ix":5},"lc":2,"lj":1,"ml":4,"bm":0,"nm":"Stroke 1","mn":"ADBE Vector Graphic - Stroke","hd":false},{"ty":"tr","p":{"a":0,"k":[0,0],"ix":2},"a":{"a":0,"k":[0,0],"ix":1},"s":{"a":0,"k":[100,100],"ix":3},"r":{"a":0,"k":0,"ix":6},"o":{"a":0,"k":100,"ix":7},"sk":{"a":0,"k":0,"ix":4},"sa":{"a":0,"k":0,"ix":5},"nm":"变换"}],"nm":"Shape 1","np":2,"cix":2,"bm":0,"ix":1,"mn":"ADBE Vector Group","hd":false}],"ip":0,"op":300,"st":0,"bm":0},{"ddd":0,"ind":2,"ty":4,"nm":"right ear Outlines","parent":4,"sr":1,"ks":{"o":{"a":0,"k":100,"ix":11},"r":{"a":1,"k":[{"i":{"x":[0.833],"y":[0.833]},"o":{"x":[0.167],"y":[0.167]},"t":0,"s":[0]},{"i":{"x":[0.833],"y":[0.833]},"o":{"x":[0.167],"y":[0.167]},"t":2,"s":[5.6]},{"i":{"x":[0.833],"y":[0.833]},"o":{"x":[0.167],"y":[0.167]},"t":5,"s":[-11]},{"i":{"x":[0.833],"y":[0.833]},"o":{"x":[0.167],"y":[0.167]},"t":10,"s":[-1]},{"i":{"x":[0.833],"y":[0.833]},"o":{"x":[0.167],"y":[0.167]},"t":15,"s":[-14]},{"i":{"x":[0.833],"y":[0.833]},"o":{"x":[0.167],"y":[0.167]},"t":20,"s":[0]},{"i":{"x":[0.833],"y":[0.833]},"o":{"x":[0.167],"y":[0.167]},"t":22,"s":[5.6]},{"i":{"x":[0.833],"y":[0.833]},"o":{"x":[0.167],"y":[0.167]},"t":25,"s":[-11]},{"i":{"x":[0.833],"y":[0.833]},"o":{"x":[0.167],"y":[0.167]},"t":30,"s":[-1]},{"i":{"x":[0.833],"y":[0.833]},"o":{"x":[0.167],"y":[0.167]},"t":35,"s":[-14]},{"i":{"x":[0.833],"y":[0.833]},"o":{"x":[0.167],"y":[0.167]},"t":40,"s":[0]},{"i":{"x":[0.833],"y":[0.833]},"o":{"x":[0.167],"y":[0.167]},"t":42,"s":[5.6]},{"i":{"x":[0.833],"y":[0.833]},"o":{"x":[0.167],"y":[0.167]},"t":45,"s":[-11]},{"i":{"x":[0.833],"y":[0.833]},"o":{"x":[0.167],"y":[0.167]},"t":50,"s":[-1]},{"i":{"x":[0.833],"y":[0.833]},"o":{"x":[0.167],"y":[0.167]},"t":55,"s":[-14]},{"i":{"x":[0.833],"y":[0.833]},"o":{"x":[0.167],"y":[0.167]},"t":60,"s":[0]},{"i":{"x":[0.833],"y":[0.833]},"o":{"x":[0.167],"y":[0.167]},"t":62,"s":[5.6]},{"i":{"x":[0.833],"y":[0.833]},"o":{"x":[0.167],"y":[0.167]},"t":65,"s":[-11]},{"i":{"x":[0.833],"y":[0.833]},"o":{"x":[0.167],"y":[0.167]},"t":70,"s":[-1]},{"i":{"x":[0.833],"y":[0.833]},"o":{"x":[0.167],"y":[0.167]},"t":75,"s":[-14]},{"t":80,"s":[0]}],"ix":10},"p":{"a":0,"k":[28.025,46.784,0],"ix":2},"a":{"a":0,"k":[22.5,81.5,0],"ix":1},"s":{"a":0,"k":[100,100,100],"ix":6}},"ao":0,"shapes":[{"ty":"gr","it":[{"ind":0,"ty":"sh","ix":1,"ks":{"a":0,"k":{"i":[[0,0],[0,0]],"o":[[0,0],[0,0]],"v":[[-1.25,-30.75],[1.25,30.75]],"c":false},"ix":2},"nm":"路径 1","mn":"ADBE Vector Shape - Group","hd":false},{"ty":"st","c":{"a":0,"k":[0.996078431373,0.690196078431,0.254901960784,1],"ix":3},"o":{"a":0,"k":100,"ix":4},"w":{"a":0,"k":40,"ix":5},"lc":2,"lj":1,"ml":10,"bm":0,"nm":"Stroke 1","mn":"ADBE Vector Graphic - Stroke","hd":false},{"ty":"tr","p":{"a":0,"k":[21.25,50.75],"ix":2},"a":{"a":0,"k":[0,0],"ix":1},"s":{"a":0,"k":[100,100],"ix":3},"r":{"a":0,"k":0,"ix":6},"o":{"a":0,"k":100,"ix":7},"sk":{"a":0,"k":0,"ix":4},"sa":{"a":0,"k":0,"ix":5},"nm":"变换"}],"nm":"Group 1","np":2,"cix":2,"bm":0,"ix":1,"mn":"ADBE Vector Group","hd":false}],"ip":0,"op":300,"st":0,"bm":0},{"ddd":0,"ind":3,"ty":4,"nm":"medal Outlines","parent":4,"sr":1,"ks":{"o":{"a":0,"k":100,"ix":11},"r":{"a":1,"k":[{"i":{"x":[0.833],"y":[0.833]},"o":{"x":[0.167],"y":[0.167]},"t":0,"s":[0]},{"i":{"x":[0.833],"y":[0.833]},"o":{"x":[0.167],"y":[0.167]},"t":5,"s":[-27]},{"i":{"x":[0.833],"y":[0.833]},"o":{"x":[0.167],"y":[0.167]},"t":10,"s":[0]},{"i":{"x":[0.833],"y":[0.833]},"o":{"x":[0.167],"y":[0.167]},"t":15,"s":[-27]},{"i":{"x":[0.833],"y":[0.833]},"o":{"x":[0.167],"y":[0.167]},"t":20,"s":[0]},{"i":{"x":[0.833],"y":[0.833]},"o":{"x":[0.167],"y":[0.167]},"t":25,"s":[-27]},{"i":{"x":[0.833],"y":[0.833]},"o":{"x":[0.167],"y":[0.167]},"t":30,"s":[0]},{"i":{"x":[0.833],"y":[0.833]},"o":{"x":[0.167],"y":[0.167]},"t":35,"s":[-27]},{"i":{"x":[0.833],"y":[0.833]},"o":{"x":[0.167],"y":[0.167]},"t":40,"s":[0]},{"i":{"x":[0.833],"y":[0.833]},"o":{"x":[0.167],"y":[0.167]},"t":45,"s":[-27]},{"i":{"x":[0.833],"y":[0.833]},"o":{"x":[0.167],"y":[0.167]},"t":50,"s":[0]},{"i":{"x":[0.833],"y":[0.833]},"o":{"x":[0.167],"y":[0.167]},"t":55,"s":[-27]},{"i":{"x":[0.833],"y":[0.833]},"o":{"x":[0.167],"y":[0.167]},"t":60,"s":[0]},{"i":{"x":[0.833],"y":[0.833]},"o":{"x":[0.167],"y":[0.167]},"t":65,"s":[-27]},{"i":{"x":[0.833],"y":[0.833]},"o":{"x":[0.167],"y":[0.167]},"t":70,"s":[0]},{"i":{"x":[0.833],"y":[0.833]},"o":{"x":[0.167],"y":[0.167]},"t":75,"s":[-27]},{"t":80,"s":[-2]}],"ix":10},"p":{"a":0,"k":[107.025,172.784,0],"ix":2},"a":{"a":0,"k":[3.5,3.5,0],"ix":1},"s":{"a":0,"k":[100,100,100],"ix":6}},"ao":0,"shapes":[{"ty":"gr","it":[{"ind":0,"ty":"sh","ix":1,"ks":{"a":0,"k":{"i":[[0,-6.627],[6.627,0],[0,6.627],[-6.627,0]],"o":[[0,6.627],[-6.627,0],[0,-6.627],[6.627,0]],"v":[[12,0],[0,12],[-12,0],[0,-12]],"c":true},"ix":2},"nm":"路径 1","mn":"ADBE Vector Shape - Group","hd":false},{"ty":"fl","c":{"a":0,"k":[0.502362549305,0.609483599663,0.338399350643,1],"ix":4},"o":{"a":0,"k":100,"ix":5},"r":1,"bm":0,"nm":"Fill 1","mn":"ADBE Vector Graphic - Fill","hd":false},{"ty":"tr","p":{"a":0,"k":[14.5,19.5],"ix":2},"a":{"a":0,"k":[0,0],"ix":1},"s":{"a":0,"k":[100,100],"ix":3},"r":{"a":0,"k":0,"ix":6},"o":{"a":0,"k":100,"ix":7},"sk":{"a":0,"k":0,"ix":4},"sa":{"a":0,"k":0,"ix":5},"nm":"变换"}],"nm":"Group 1","np":2,"cix":2,"bm":0,"ix":1,"mn":"ADBE Vector Group","hd":false},{"ty":"gr","it":[{"ind":0,"ty":"sh","ix":1,"ks":{"a":0,"k":{"i":[[0,0],[0,0]],"o":[[0,0],[0,0]],"v":[[-3.5,-6],[3.5,6]],"c":false},"ix":2},"nm":"路径 1","mn":"ADBE Vector Shape - Group","hd":false},{"ty":"st","c":{"a":0,"k":[0,0,0,1],"ix":3},"o":{"a":0,"k":100,"ix":4},"w":{"a":0,"k":7,"ix":5},"lc":2,"lj":1,"ml":10,"bm":0,"nm":"Stroke 1","mn":"ADBE Vector Graphic - Stroke","hd":false},{"ty":"tr","p":{"a":0,"k":[7,9.5],"ix":2},"a":{"a":0,"k":[0,0],"ix":1},"s":{"a":0,"k":[100,100],"ix":3},"r":{"a":0,"k":0,"ix":6},"o":{"a":0,"k":100,"ix":7},"sk":{"a":0,"k":0,"ix":4},"sa":{"a":0,"k":0,"ix":5},"nm":"变换"}],"nm":"Group 2","np":2,"cix":2,"bm":0,"ix":2,"mn":"ADBE Vector Group","hd":false}],"ip":0,"op":300,"st":0,"bm":0},{"ddd":0,"ind":4,"ty":4,"nm":"face Outlines","parent":9,"sr":1,"ks":{"o":{"a":0,"k":100,"ix":11},"r":{"a":1,"k":[{"i":{"x":[0.833],"y":[0.833]},"o":{"x":[0.167],"y":[0.167]},"t":0,"s":[0]},{"i":{"x":[0.833],"y":[0.833]},"o":{"x":[0.167],"y":[0.167]},"t":2,"s":[-3]},{"i":{"x":[0.833],"y":[0.833]},"o":{"x":[0.167],"y":[0.167]},"t":5,"s":[0]},{"i":{"x":[0.833],"y":[0.833]},"o":{"x":[0.167],"y":[0.167]},"t":7,"s":[3]},{"i":{"x":[0.833],"y":[0.833]},"o":{"x":[0.167],"y":[0.167]},"t":10,"s":[0]},{"i":{"x":[0.833],"y":[0.833]},"o":{"x":[0.167],"y":[0.167]},"t":12,"s":[-3]},{"i":{"x":[0.833],"y":[0.833]},"o":{"x":[0.167],"y":[0.167]},"t":14,"s":[0]},{"i":{"x":[0.833],"y":[0.833]},"o":{"x":[0.167],"y":[0.167]},"t":16,"s":[3]},{"i":{"x":[0.833],"y":[0.833]},"o":{"x":[0.167],"y":[0.167]},"t":20,"s":[0]},{"i":{"x":[0.833],"y":[0.833]},"o":{"x":[0.167],"y":[0.167]},"t":22,"s":[-3]},{"i":{"x":[0.833],"y":[0.833]},"o":{"x":[0.167],"y":[0.167]},"t":25,"s":[0]},{"i":{"x":[0.833],"y":[0.833]},"o":{"x":[0.167],"y":[0.167]},"t":27,"s":[3]},{"i":{"x":[0.833],"y":[0.833]},"o":{"x":[0.167],"y":[0.167]},"t":30,"s":[0]},{"i":{"x":[0.833],"y":[0.833]},"o":{"x":[0.167],"y":[0.167]},"t":32,"s":[-3]},{"i":{"x":[0.833],"y":[0.833]},"o":{"x":[0.167],"y":[0.167]},"t":34,"s":[0]},{"i":{"x":[0.833],"y":[0.833]},"o":{"x":[0.167],"y":[0.167]},"t":36,"s":[3]},{"i":{"x":[0.833],"y":[0.833]},"o":{"x":[0.167],"y":[0.167]},"t":40,"s":[0]},{"i":{"x":[0.833],"y":[0.833]},"o":{"x":[0.167],"y":[0.167]},"t":42,"s":[-3]},{"i":{"x":[0.833],"y":[0.833]},"o":{"x":[0.167],"y":[0.167]},"t":45,"s":[0]},{"i":{"x":[0.833],"y":[0.833]},"o":{"x":[0.167],"y":[0.167]},"t":47,"s":[3]},{"i":{"x":[0.833],"y":[0.833]},"o":{"x":[0.167],"y":[0.167]},"t":50,"s":[0]},{"i":{"x":[0.833],"y":[0.833]},"o":{"x":[0.167],"y":[0.167]},"t":52,"s":[-3]},{"i":{"x":[0.833],"y":[0.833]},"o":{"x":[0.167],"y":[0.167]},"t":54,"s":[0]},{"i":{"x":[0.833],"y":[0.833]},"o":{"x":[0.167],"y":[0.167]},"t":56,"s":[3]},{"i":{"x":[0.833],"y":[0.833]},"o":{"x":[0.167],"y":[0.167]},"t":60,"s":[0]},{"i":{"x":[0.833],"y":[0.833]},"o":{"x":[0.167],"y":[0.167]},"t":62,"s":[-3]},{"i":{"x":[0.833],"y":[0.833]},"o":{"x":[0.167],"y":[0.167]},"t":65,"s":[0]},{"i":{"x":[0.833],"y":[0.833]},"o":{"x":[0.167],"y":[0.167]},"t":67,"s":[3]},{"i":{"x":[0.833],"y":[0.833]},"o":{"x":[0.167],"y":[0.167]},"t":70,"s":[0]},{"i":{"x":[0.833],"y":[0.833]},"o":{"x":[0.167],"y":[0.167]},"t":72,"s":[-3]},{"i":{"x":[0.833],"y":[0.833]},"o":{"x":[0.167],"y":[0.167]},"t":74,"s":[0]},{"i":{"x":[0.833],"y":[0.833]},"o":{"x":[0.167],"y":[0.167]},"t":76,"s":[3]},{"t":80,"s":[0]}],"ix":10},"p":{"a":0,"k":[257.319,37.495,0],"ix":2},"a":{"a":0,"k":[56.387,221.058,0],"ix":1},"s":{"a":0,"k":[100,100,100],"ix":6}},"ao":0,"shapes":[{"ty":"gr","it":[{"ind":0,"ty":"sh","ix":1,"ks":{"a":0,"k":{"i":[[0,-13.531],[13.531,0],[0,13.531],[-13.531,0]],"o":[[0,13.531],[-13.531,0],[0,-13.531],[13.531,0]],"v":[[24.5,0],[0,24.5],[-24.5,0],[0,-24.5]],"c":true},"ix":2},"nm":"路径 1","mn":"ADBE Vector Shape - Group","hd":false},{"ty":"fl","c":{"a":0,"k":[0,0,0,1],"ix":4},"o":{"a":0,"k":100,"ix":5},"r":1,"bm":0,"nm":"Fill 1","mn":"ADBE Vector Graphic - Fill","hd":false},{"ty":"tr","p":{"a":0,"k":[195.025,52.784],"ix":2},"a":{"a":0,"k":[0,0],"ix":1},"s":{"a":0,"k":[100,100],"ix":3},"r":{"a":0,"k":0,"ix":6},"o":{"a":0,"k":100,"ix":7},"sk":{"a":0,"k":0,"ix":4},"sa":{"a":0,"k":0,"ix":5},"nm":"变换"}],"nm":"Group 1","np":2,"cix":2,"bm":0,"ix":1,"mn":"ADBE Vector Group","hd":false},{"ty":"gr","it":[{"ind":0,"ty":"sh","ix":1,"ks":{"a":0,"k":{"i":[[0,0],[-19,19]],"o":[[0,0],[0,0]],"v":[[-16,-10],[16,-9]],"c":false},"ix":2},"nm":"路径 1","mn":"ADBE Vector Shape - Group","hd":false},{"ty":"st","c":{"a":0,"k":[0,0,0,1],"ix":3},"o":{"a":0,"k":100,"ix":4},"w":{"a":0,"k":9,"ix":5},"lc":2,"lj":1,"ml":10,"bm":0,"nm":"Stroke 1","mn":"ADBE Vector Graphic - Stroke","hd":false},{"ty":"tr","p":{"a":0,"k":[93.525,53.284],"ix":2},"a":{"a":0,"k":[0,0],"ix":1},"s":{"a":0,"k":[100,100],"ix":3},"r":{"a":0,"k":0,"ix":6},"o":{"a":0,"k":100,"ix":7},"sk":{"a":0,"k":0,"ix":4},"sa":{"a":0,"k":0,"ix":5},"nm":"变换"}],"nm":"Group 2","np":2,"cix":2,"bm":0,"ix":2,"mn":"ADBE Vector Group","hd":false},{"ty":"gr","it":[{"ind":0,"ty":"sh","ix":1,"ks":{"a":0,"k":{"i":[[2.574,0.068],[0,0],[-0.069,2.574],[0,0],[-2.574,-0.068],[0,0],[0.068,-2.574],[0,0]],"o":[[0,0],[-2.575,-0.067],[0,0],[0.067,-2.574],[0,0],[2.575,0.067],[0,0],[-0.067,2.574]],"v":[[52.707,15.394],[-53.443,12.604],[-57.981,7.821],[-57.49,-10.856],[-52.707,-15.394],[53.443,-12.604],[57.982,-7.821],[57.491,10.856]],"c":true},"ix":2},"nm":"路径 1","mn":"ADBE Vector Shape - Group","hd":false},{"ty":"fl","c":{"a":0,"k":[0.245484814048,0.200948387384,0.156365305185,1],"ix":4},"o":{"a":0,"k":100,"ix":5},"r":1,"bm":0,"nm":"Fill 1","mn":"ADBE Vector Graphic - Fill","hd":false},{"ty":"tr","p":{"a":0,"k":[58.3,167.809],"ix":2},"a":{"a":0,"k":[0,0],"ix":1},"s":{"a":0,"k":[100,100],"ix":3},"r":{"a":0,"k":0,"ix":6},"o":{"a":0,"k":100,"ix":7},"sk":{"a":0,"k":0,"ix":4},"sa":{"a":0,"k":0,"ix":5},"nm":"变换"}],"nm":"Group 3","np":2,"cix":2,"bm":0,"ix":3,"mn":"ADBE Vector Group","hd":false},{"ty":"gr","it":[{"ind":0,"ty":"sh","ix":1,"ks":{"a":0,"k":{"i":[[29.011,0.57],[0,0],[-0.57,29.011],[0,0],[-29.011,-0.57],[0.57,-29.01],[0,0]],"o":[[0,0],[-29.011,-0.57],[0,0],[0.57,-29.011],[29.011,0.57],[0,0],[-0.571,29.011]],"v":[[-2.373,120.737],[-2.374,120.737],[-53.87,67.175],[-51.187,-69.242],[2.374,-120.738],[53.87,-67.176],[51.188,69.242]],"c":true},"ix":2},"nm":"路径 1","mn":"ADBE Vector Shape - Group","hd":false},{"ty":"fl","c":{"a":0,"k":[0.996078431373,0.690196078431,0.254901960784,1],"ix":4},"o":{"a":0,"k":100,"ix":5},"r":1,"bm":0,"nm":"Fill 1","mn":"ADBE Vector Graphic - Fill","hd":false},{"ty":"tr","p":{"a":0,"k":[58.46,121.558],"ix":2},"a":{"a":0,"k":[0,0],"ix":1},"s":{"a":0,"k":[100,100],"ix":3},"r":{"a":0,"k":0,"ix":6},"o":{"a":0,"k":100,"ix":7},"sk":{"a":0,"k":0,"ix":4},"sa":{"a":0,"k":0,"ix":5},"nm":"变换"}],"nm":"Group 4","np":2,"cix":2,"bm":0,"ix":4,"mn":"ADBE Vector Group","hd":false},{"ty":"gr","it":[{"ind":0,"ty":"sh","ix":1,"ks":{"a":0,"k":{"i":[[22.729,1.763],[0,0],[0,0],[0,0],[0.531,-6.856],[0,0]],"o":[[0,0],[0,0],[0,0],[6.856,0.531],[0,0],[-1.763,22.73]],"v":[[30.502,55.336],[-79.287,46.819],[-71.227,-57.099],[67.305,-46.352],[78.756,-32.976],[74.85,17.373]],"c":true},"ix":2},"nm":"路径 1","mn":"ADBE Vector Shape - Group","hd":false},{"ty":"fl","c":{"a":0,"k":[0.996078431373,0.690196078431,0.254901960784,1],"ix":4},"o":{"a":0,"k":100,"ix":5},"r":1,"bm":0,"nm":"Fill 1","mn":"ADBE Vector Graphic - Fill","hd":false},{"ty":"tr","p":{"a":0,"k":[130.199,81.984],"ix":2},"a":{"a":0,"k":[0,0],"ix":1},"s":{"a":0,"k":[100,100],"ix":3},"r":{"a":0,"k":0,"ix":6},"o":{"a":0,"k":100,"ix":7},"sk":{"a":0,"k":0,"ix":4},"sa":{"a":0,"k":0,"ix":5},"nm":"变换"}],"nm":"Group 5","np":2,"cix":2,"bm":0,"ix":5,"mn":"ADBE Vector Group","hd":false}],"ip":0,"op":300,"st":0,"bm":0},{"ddd":0,"ind":5,"ty":4,"nm":"left ear Outlines","parent":4,"sr":1,"ks":{"o":{"a":0,"k":100,"ix":11},"r":{"a":1,"k":[{"i":{"x":[0.833],"y":[0.833]},"o":{"x":[0.167],"y":[0.167]},"t":0,"s":[0]},{"i":{"x":[0.833],"y":[0.833]},"o":{"x":[0.167],"y":[0.167]},"t":5,"s":[6]},{"i":{"x":[0.833],"y":[0.833]},"o":{"x":[0.167],"y":[0.167]},"t":10,"s":[-1]},{"i":{"x":[0.833],"y":[0.833]},"o":{"x":[0.167],"y":[0.167]},"t":15,"s":[14]},{"i":{"x":[0.833],"y":[0.833]},"o":{"x":[0.167],"y":[0.167]},"t":20,"s":[0]},{"i":{"x":[0.833],"y":[0.833]},"o":{"x":[0.167],"y":[0.167]},"t":25,"s":[6]},{"i":{"x":[0.833],"y":[0.833]},"o":{"x":[0.167],"y":[0.167]},"t":30,"s":[-1]},{"i":{"x":[0.833],"y":[0.833]},"o":{"x":[0.167],"y":[0.167]},"t":35,"s":[14]},{"i":{"x":[0.833],"y":[0.833]},"o":{"x":[0.167],"y":[0.167]},"t":40,"s":[0]},{"i":{"x":[0.833],"y":[0.833]},"o":{"x":[0.167],"y":[0.167]},"t":45,"s":[6]},{"i":{"x":[0.833],"y":[0.833]},"o":{"x":[0.167],"y":[0.167]},"t":50,"s":[-1]},{"i":{"x":[0.833],"y":[0.833]},"o":{"x":[0.167],"y":[0.167]},"t":55,"s":[14]},{"i":{"x":[0.833],"y":[0.833]},"o":{"x":[0.167],"y":[0.167]},"t":60,"s":[0]},{"i":{"x":[0.833],"y":[0.833]},"o":{"x":[0.167],"y":[0.167]},"t":65,"s":[6]},{"i":{"x":[0.833],"y":[0.833]},"o":{"x":[0.167],"y":[0.167]},"t":70,"s":[-1]},{"i":{"x":[0.833],"y":[0.833]},"o":{"x":[0.167],"y":[0.167]},"t":75,"s":[14]},{"t":80,"s":[0]}],"ix":10},"p":{"a":0,"k":[62.025,43.784,0],"ix":2},"a":{"a":0,"k":[22.5,81.5,0],"ix":1},"s":{"a":0,"k":[100,100,100],"ix":6}},"ao":0,"shapes":[{"ty":"gr","it":[{"ind":0,"ty":"sh","ix":1,"ks":{"a":0,"k":{"i":[[0,0],[0,0]],"o":[[0,0],[0,0]],"v":[[-1.25,-30.75],[1.25,30.75]],"c":false},"ix":2},"nm":"路径 1","mn":"ADBE Vector Shape - Group","hd":false},{"ty":"st","c":{"a":0,"k":[0.992156862745,0.58431372549,0.235294117647,1],"ix":3},"o":{"a":0,"k":100,"ix":4},"w":{"a":0,"k":40,"ix":5},"lc":2,"lj":1,"ml":10,"bm":0,"nm":"Stroke 1","mn":"ADBE Vector Graphic - Stroke","hd":false},{"ty":"tr","p":{"a":0,"k":[21.25,50.75],"ix":2},"a":{"a":0,"k":[0,0],"ix":1},"s":{"a":0,"k":[100,100],"ix":3},"r":{"a":0,"k":0,"ix":6},"o":{"a":0,"k":100,"ix":7},"sk":{"a":0,"k":0,"ix":4},"sa":{"a":0,"k":0,"ix":5},"nm":"变换"}],"nm":"Group 1","np":2,"cix":2,"bm":0,"ix":1,"mn":"ADBE Vector Group","hd":false}],"ip":0,"op":300,"st":0,"bm":0},{"ddd":0,"ind":6,"ty":4,"nm":"tail Outlines","parent":9,"sr":1,"ks":{"o":{"a":0,"k":100,"ix":11},"r":{"a":0,"k":0,"ix":10},"p":{"a":0,"k":[20.456,20.721,0],"ix":2},"a":{"a":0,"k":[33,73,0],"ix":1},"s":{"a":0,"k":[100,100,100],"ix":6}},"ao":0,"shapes":[{"ty":"gr","it":[{"ind":0,"ty":"sh","ix":1,"ks":{"a":1,"k":[{"i":{"x":0.833,"y":1},"o":{"x":0.167,"y":0},"t":0,"s":[{"i":[[0,0],[0,0]],"o":[[0,0],[0,0]],"v":[[-10,-30],[10,30]],"c":false}]},{"i":{"x":0.833,"y":1},"o":{"x":0.167,"y":0},"t":3,"s":[{"i":[[3.229,-15.169],[0,0]],"o":[[-3.45,16.208],[0,0]],"v":[[-0.05,-38.6],[10,30]],"c":false}]},{"i":{"x":0.833,"y":1},"o":{"x":0.167,"y":0},"t":5,"s":[{"i":[[2.25,-25.75],[0,0]],"o":[[-2.25,25.75],[0,0]],"v":[[-11.75,-24.75],[10,30]],"c":false}]},{"i":{"x":0.833,"y":1},"o":{"x":0.167,"y":0},"t":7,"s":[{"i":[[-14.941,-21.093],[0,0]],"o":[[16.75,23.647],[0,0]],"v":[[-25.75,-5.75],[10,30]],"c":false}]},{"i":{"x":0.833,"y":1},"o":{"x":0.167,"y":0},"t":8,"s":[{"i":[[-12.337,-22.344],[0,0]],"o":[[19.167,22.257],[0,0]],"v":[[-24.417,-9.167],[10,30]],"c":false}]},{"i":{"x":0.833,"y":1},"o":{"x":0.167,"y":0},"t":10,"s":[{"i":[[-7.13,-24.845],[0,0]],"o":[[8.25,28.75],[0,0]],"v":[[-6.75,-27.25],[10,30]],"c":false}]},{"i":{"x":0.833,"y":1},"o":{"x":0.167,"y":0},"t":12,"s":[{"i":[[1.842,-25.782],[0,0]],"o":[[-2.5,35],[0,0]],"v":[[-1,-36.5],[10,30]],"c":false}]},{"i":{"x":0.833,"y":1},"o":{"x":0.167,"y":0},"t":14,"s":[{"i":[[1.842,-25.782],[0,0]],"o":[[-2.5,35],[0,0]],"v":[[-11,-22.5],[10,30]],"c":false}]},{"i":{"x":0.833,"y":1},"o":{"x":0.167,"y":0},"t":16,"s":[{"i":[[-14.596,-21.333],[0,0]],"o":[[19.5,28.5],[0,0]],"v":[[-25,-16],[10,30]],"c":false}]},{"i":{"x":0.833,"y":1},"o":{"x":0.167,"y":0},"t":18,"s":[{"i":[[-20.108,-16.241],[0,0]],"o":[[26,21],[0,0]],"v":[[-23,-18],[10,30]],"c":false}]},{"i":{"x":0.833,"y":1},"o":{"x":0.167,"y":0},"t":20,"s":[{"i":[[0,0],[0,0]],"o":[[0,0],[0,0]],"v":[[-10,-30],[10,30]],"c":false}]},{"i":{"x":0.833,"y":1},"o":{"x":0.167,"y":0},"t":23,"s":[{"i":[[3.229,-15.169],[0,0]],"o":[[-3.45,16.208],[0,0]],"v":[[-0.05,-38.6],[10,30]],"c":false}]},{"i":{"x":0.833,"y":1},"o":{"x":0.167,"y":0},"t":25,"s":[{"i":[[2.25,-25.75],[0,0]],"o":[[-2.25,25.75],[0,0]],"v":[[-11.75,-24.75],[10,30]],"c":false}]},{"i":{"x":0.833,"y":1},"o":{"x":0.167,"y":0},"t":27,"s":[{"i":[[-14.941,-21.093],[0,0]],"o":[[16.75,23.647],[0,0]],"v":[[-25.75,-5.75],[10,30]],"c":false}]},{"i":{"x":0.833,"y":1},"o":{"x":0.167,"y":0},"t":28,"s":[{"i":[[-12.337,-22.344],[0,0]],"o":[[19.167,22.257],[0,0]],"v":[[-24.417,-9.167],[10,30]],"c":false}]},{"i":{"x":0.833,"y":1},"o":{"x":0.167,"y":0},"t":30,"s":[{"i":[[-7.13,-24.845],[0,0]],"o":[[8.25,28.75],[0,0]],"v":[[-6.75,-27.25],[10,30]],"c":false}]},{"i":{"x":0.833,"y":1},"o":{"x":0.167,"y":0},"t":32,"s":[{"i":[[1.842,-25.782],[0,0]],"o":[[-2.5,35],[0,0]],"v":[[-1,-36.5],[10,30]],"c":false}]},{"i":{"x":0.833,"y":1},"o":{"x":0.167,"y":0},"t":34,"s":[{"i":[[1.842,-25.782],[0,0]],"o":[[-2.5,35],[0,0]],"v":[[-11,-22.5],[10,30]],"c":false}]},{"i":{"x":0.833,"y":1},"o":{"x":0.167,"y":0},"t":36,"s":[{"i":[[-14.596,-21.333],[0,0]],"o":[[19.5,28.5],[0,0]],"v":[[-25,-16],[10,30]],"c":false}]},{"i":{"x":0.833,"y":1},"o":{"x":0.167,"y":0},"t":38,"s":[{"i":[[-20.108,-16.241],[0,0]],"o":[[26,21],[0,0]],"v":[[-23,-18],[10,30]],"c":false}]},{"i":{"x":0.833,"y":1},"o":{"x":0.167,"y":0},"t":40,"s":[{"i":[[0,0],[0,0]],"o":[[0,0],[0,0]],"v":[[-10,-30],[10,30]],"c":false}]},{"i":{"x":0.833,"y":1},"o":{"x":0.167,"y":0},"t":43,"s":[{"i":[[3.229,-15.169],[0,0]],"o":[[-3.45,16.208],[0,0]],"v":[[-0.05,-38.6],[10,30]],"c":false}]},{"i":{"x":0.833,"y":1},"o":{"x":0.167,"y":0},"t":45,"s":[{"i":[[2.25,-25.75],[0,0]],"o":[[-2.25,25.75],[0,0]],"v":[[-11.75,-24.75],[10,30]],"c":false}]},{"i":{"x":0.833,"y":1},"o":{"x":0.167,"y":0},"t":47,"s":[{"i":[[-14.941,-21.093],[0,0]],"o":[[16.75,23.647],[0,0]],"v":[[-25.75,-5.75],[10,30]],"c":false}]},{"i":{"x":0.833,"y":1},"o":{"x":0.167,"y":0},"t":48,"s":[{"i":[[-12.337,-22.344],[0,0]],"o":[[19.167,22.257],[0,0]],"v":[[-24.417,-9.167],[10,30]],"c":false}]},{"i":{"x":0.833,"y":1},"o":{"x":0.167,"y":0},"t":50,"s":[{"i":[[-7.13,-24.845],[0,0]],"o":[[8.25,28.75],[0,0]],"v":[[-6.75,-27.25],[10,30]],"c":false}]},{"i":{"x":0.833,"y":1},"o":{"x":0.167,"y":0},"t":52,"s":[{"i":[[1.842,-25.782],[0,0]],"o":[[-2.5,35],[0,0]],"v":[[-1,-36.5],[10,30]],"c":false}]},{"i":{"x":0.833,"y":1},"o":{"x":0.167,"y":0},"t":54,"s":[{"i":[[1.842,-25.782],[0,0]],"o":[[-2.5,35],[0,0]],"v":[[-11,-22.5],[10,30]],"c":false}]},{"i":{"x":0.833,"y":1},"o":{"x":0.167,"y":0},"t":56,"s":[{"i":[[-14.596,-21.333],[0,0]],"o":[[19.5,28.5],[0,0]],"v":[[-25,-16],[10,30]],"c":false}]},{"i":{"x":0.833,"y":1},"o":{"x":0.167,"y":0},"t":58,"s":[{"i":[[-20.108,-16.241],[0,0]],"o":[[26,21],[0,0]],"v":[[-23,-18],[10,30]],"c":false}]},{"i":{"x":0.833,"y":1},"o":{"x":0.167,"y":0},"t":60,"s":[{"i":[[0,0],[0,0]],"o":[[0,0],[0,0]],"v":[[-10,-30],[10,30]],"c":false}]},{"i":{"x":0.833,"y":1},"o":{"x":0.167,"y":0},"t":63,"s":[{"i":[[3.229,-15.169],[0,0]],"o":[[-3.45,16.208],[0,0]],"v":[[-0.05,-38.6],[10,30]],"c":false}]},{"i":{"x":0.833,"y":1},"o":{"x":0.167,"y":0},"t":65,"s":[{"i":[[2.25,-25.75],[0,0]],"o":[[-2.25,25.75],[0,0]],"v":[[-11.75,-24.75],[10,30]],"c":false}]},{"i":{"x":0.833,"y":1},"o":{"x":0.167,"y":0},"t":67,"s":[{"i":[[-14.941,-21.093],[0,0]],"o":[[16.75,23.647],[0,0]],"v":[[-25.75,-5.75],[10,30]],"c":false}]},{"i":{"x":0.833,"y":1},"o":{"x":0.167,"y":0},"t":68,"s":[{"i":[[-12.337,-22.344],[0,0]],"o":[[19.167,22.257],[0,0]],"v":[[-24.417,-9.167],[10,30]],"c":false}]},{"i":{"x":0.833,"y":1},"o":{"x":0.167,"y":0},"t":70,"s":[{"i":[[-7.13,-24.845],[0,0]],"o":[[8.25,28.75],[0,0]],"v":[[-6.75,-27.25],[10,30]],"c":false}]},{"i":{"x":0.833,"y":1},"o":{"x":0.167,"y":0},"t":72,"s":[{"i":[[1.842,-25.782],[0,0]],"o":[[-2.5,35],[0,0]],"v":[[-1,-36.5],[10,30]],"c":false}]},{"i":{"x":0.833,"y":1},"o":{"x":0.167,"y":0},"t":74,"s":[{"i":[[1.842,-25.782],[0,0]],"o":[[-2.5,35],[0,0]],"v":[[-11,-22.5],[10,30]],"c":false}]},{"i":{"x":0.833,"y":1},"o":{"x":0.167,"y":0},"t":76,"s":[{"i":[[-14.596,-21.333],[0,0]],"o":[[19.5,28.5],[0,0]],"v":[[-25,-16],[10,30]],"c":false}]},{"i":{"x":0.833,"y":1},"o":{"x":0.167,"y":0},"t":78,"s":[{"i":[[-20.108,-16.241],[0,0]],"o":[[26,21],[0,0]],"v":[[-23,-18],[10,30]],"c":false}]},{"t":80,"s":[{"i":[[0,0],[0,0]],"o":[[0,0],[0,0]],"v":[[-10,-30],[10,30]],"c":false}]}],"ix":2},"nm":"路径 1","mn":"ADBE Vector Shape - Group","hd":false},{"ty":"st","c":{"a":0,"k":[0.996078431373,0.690196078431,0.254901960784,1],"ix":3},"o":{"a":0,"k":100,"ix":4},"w":{"a":0,"k":26,"ix":5},"lc":2,"lj":1,"ml":10,"bm":0,"nm":"Stroke 1","mn":"ADBE Vector Graphic - Stroke","hd":false},{"ty":"tr","p":{"a":0,"k":[23,43],"ix":2},"a":{"a":0,"k":[0,0],"ix":1},"s":{"a":0,"k":[100,100],"ix":3},"r":{"a":0,"k":0,"ix":6},"o":{"a":0,"k":100,"ix":7},"sk":{"a":0,"k":0,"ix":4},"sa":{"a":0,"k":0,"ix":5},"nm":"变换"}],"nm":"Group 1","np":2,"cix":2,"bm":0,"ix":1,"mn":"ADBE Vector Group","hd":false}],"ip":0,"op":300,"st":0,"bm":0},{"ddd":0,"ind":7,"ty":4,"nm":"front right Outlines","parent":9,"sr":1,"ks":{"o":{"a":0,"k":100,"ix":11},"r":{"a":0,"k":0,"ix":10},"p":{"a":0,"k":[238.956,97.222,0],"ix":2},"a":{"a":0,"k":[92.5,92.5,0],"ix":1},"s":{"a":0,"k":[100,100,100],"ix":6}},"ao":0,"shapes":[{"ty":"gr","it":[{"ind":0,"ty":"sh","ix":1,"ks":{"a":1,"k":[{"i":{"x":0.833,"y":1},"o":{"x":0.167,"y":0},"t":0,"s":[{"i":[[0,0],[-16.374,2.1]],"o":[[0,0],[0,0]],"v":[[-30.5,-46.55],[30.5,44.45]],"c":false}]},{"i":{"x":0.833,"y":1},"o":{"x":0.167,"y":0},"t":5,"s":[{"i":[[0,0],[-4,-22]],"o":[[0,0],[0,0]],"v":[[-30.5,-46.55],[-16.5,45.95]],"c":false}]},{"i":{"x":0.833,"y":1},"o":{"x":0.167,"y":0},"t":7,"s":[{"i":[[0,0],[24,-37]],"o":[[0,0],[0,0]],"v":[[-30.5,-46.55],[-35,44.45]],"c":false}]},{"i":{"x":0.833,"y":1},"o":{"x":0.167,"y":0},"t":8,"s":[{"i":[[0,0],[43,-31]],"o":[[0,0],[0,0]],"v":[[-30.5,-46.55],[-45.5,32.95]],"c":false}]},{"i":{"x":0.833,"y":1},"o":{"x":0.167,"y":0},"t":9,"s":[{"i":[[0,0],[43,-22.205]],"o":[[0,0],[0,0]],"v":[[-30.5,-46.55],[-55,39.45]],"c":false}]},{"i":{"x":0.833,"y":1},"o":{"x":0.167,"y":0},"t":10,"s":[{"i":[[0,0],[53,7.5]],"o":[[0,0],[0,0]],"v":[[-30.5,-46.55],[-75.5,39.45]],"c":false}]},{"i":{"x":0.833,"y":1},"o":{"x":0.167,"y":0},"t":12,"s":[{"i":[[0,0],[68.5,-12.5]],"o":[[0,0],[0,0]],"v":[[-30.5,-46.55],[-45,36.45]],"c":false}]},{"i":{"x":0.833,"y":1},"o":{"x":0.167,"y":0},"t":14,"s":[{"i":[[0,0],[54.5,-17.25]],"o":[[0,0],[0,0]],"v":[[-30.5,-46.55],[-14,28.2]],"c":false}]},{"i":{"x":0.833,"y":1},"o":{"x":0.167,"y":0},"t":16,"s":[{"i":[[0,0],[34,-29.75]],"o":[[0,0],[0,0]],"v":[[-30.5,-46.55],[3,30.2]],"c":false}]},{"i":{"x":0.833,"y":1},"o":{"x":0.167,"y":0},"t":18,"s":[{"i":[[0,0],[-29.5,-40.75]],"o":[[0,0],[0,0]],"v":[[-30.5,-46.55],[26.5,37.7]],"c":false}]},{"i":{"x":0.833,"y":1},"o":{"x":0.167,"y":0},"t":20,"s":[{"i":[[0,0],[-16.374,2.1]],"o":[[0,0],[0,0]],"v":[[-30.5,-46.55],[30.5,44.45]],"c":false}]},{"i":{"x":0.833,"y":1},"o":{"x":0.167,"y":0},"t":25,"s":[{"i":[[0,0],[-4,-22]],"o":[[0,0],[0,0]],"v":[[-30.5,-46.55],[-16.5,45.95]],"c":false}]},{"i":{"x":0.833,"y":1},"o":{"x":0.167,"y":0},"t":27,"s":[{"i":[[0,0],[24,-37]],"o":[[0,0],[0,0]],"v":[[-30.5,-46.55],[-35,44.45]],"c":false}]},{"i":{"x":0.833,"y":1},"o":{"x":0.167,"y":0},"t":28,"s":[{"i":[[0,0],[43,-31]],"o":[[0,0],[0,0]],"v":[[-30.5,-46.55],[-45.5,32.95]],"c":false}]},{"i":{"x":0.833,"y":1},"o":{"x":0.167,"y":0},"t":29,"s":[{"i":[[0,0],[43,-22.205]],"o":[[0,0],[0,0]],"v":[[-30.5,-46.55],[-55,39.45]],"c":false}]},{"i":{"x":0.833,"y":1},"o":{"x":0.167,"y":0},"t":30,"s":[{"i":[[0,0],[53,7.5]],"o":[[0,0],[0,0]],"v":[[-30.5,-46.55],[-75.5,39.45]],"c":false}]},{"i":{"x":0.833,"y":1},"o":{"x":0.167,"y":0},"t":32,"s":[{"i":[[0,0],[68.5,-12.5]],"o":[[0,0],[0,0]],"v":[[-30.5,-46.55],[-45,36.45]],"c":false}]},{"i":{"x":0.833,"y":1},"o":{"x":0.167,"y":0},"t":34,"s":[{"i":[[0,0],[54.5,-17.25]],"o":[[0,0],[0,0]],"v":[[-30.5,-46.55],[-14,28.2]],"c":false}]},{"i":{"x":0.833,"y":1},"o":{"x":0.167,"y":0},"t":36,"s":[{"i":[[0,0],[34,-29.75]],"o":[[0,0],[0,0]],"v":[[-30.5,-46.55],[3,30.2]],"c":false}]},{"i":{"x":0.833,"y":1},"o":{"x":0.167,"y":0},"t":38,"s":[{"i":[[0,0],[-29.5,-40.75]],"o":[[0,0],[0,0]],"v":[[-30.5,-46.55],[26.5,37.7]],"c":false}]},{"i":{"x":0.833,"y":1},"o":{"x":0.167,"y":0},"t":40,"s":[{"i":[[0,0],[-16.374,2.1]],"o":[[0,0],[0,0]],"v":[[-30.5,-46.55],[30.5,44.45]],"c":false}]},{"i":{"x":0.833,"y":1},"o":{"x":0.167,"y":0},"t":45,"s":[{"i":[[0,0],[-4,-22]],"o":[[0,0],[0,0]],"v":[[-30.5,-46.55],[-16.5,45.95]],"c":false}]},{"i":{"x":0.833,"y":1},"o":{"x":0.167,"y":0},"t":47,"s":[{"i":[[0,0],[24,-37]],"o":[[0,0],[0,0]],"v":[[-30.5,-46.55],[-35,44.45]],"c":false}]},{"i":{"x":0.833,"y":1},"o":{"x":0.167,"y":0},"t":48,"s":[{"i":[[0,0],[43,-31]],"o":[[0,0],[0,0]],"v":[[-30.5,-46.55],[-45.5,32.95]],"c":false}]},{"i":{"x":0.833,"y":1},"o":{"x":0.167,"y":0},"t":49,"s":[{"i":[[0,0],[43,-22.205]],"o":[[0,0],[0,0]],"v":[[-30.5,-46.55],[-55,39.45]],"c":false}]},{"i":{"x":0.833,"y":1},"o":{"x":0.167,"y":0},"t":50,"s":[{"i":[[0,0],[53,7.5]],"o":[[0,0],[0,0]],"v":[[-30.5,-46.55],[-75.5,39.45]],"c":false}]},{"i":{"x":0.833,"y":1},"o":{"x":0.167,"y":0},"t":52,"s":[{"i":[[0,0],[68.5,-12.5]],"o":[[0,0],[0,0]],"v":[[-30.5,-46.55],[-45,36.45]],"c":false}]},{"i":{"x":0.833,"y":1},"o":{"x":0.167,"y":0},"t":54,"s":[{"i":[[0,0],[54.5,-17.25]],"o":[[0,0],[0,0]],"v":[[-30.5,-46.55],[-14,28.2]],"c":false}]},{"i":{"x":0.833,"y":1},"o":{"x":0.167,"y":0},"t":56,"s":[{"i":[[0,0],[34,-29.75]],"o":[[0,0],[0,0]],"v":[[-30.5,-46.55],[3,30.2]],"c":false}]},{"i":{"x":0.833,"y":1},"o":{"x":0.167,"y":0},"t":58,"s":[{"i":[[0,0],[-29.5,-40.75]],"o":[[0,0],[0,0]],"v":[[-30.5,-46.55],[26.5,37.7]],"c":false}]},{"i":{"x":0.833,"y":1},"o":{"x":0.167,"y":0},"t":60,"s":[{"i":[[0,0],[-16.374,2.1]],"o":[[0,0],[0,0]],"v":[[-30.5,-46.55],[30.5,44.45]],"c":false}]},{"i":{"x":0.833,"y":1},"o":{"x":0.167,"y":0},"t":65,"s":[{"i":[[0,0],[-4,-22]],"o":[[0,0],[0,0]],"v":[[-30.5,-46.55],[-16.5,45.95]],"c":false}]},{"i":{"x":0.833,"y":1},"o":{"x":0.167,"y":0},"t":67,"s":[{"i":[[0,0],[24,-37]],"o":[[0,0],[0,0]],"v":[[-30.5,-46.55],[-35,44.45]],"c":false}]},{"i":{"x":0.833,"y":1},"o":{"x":0.167,"y":0},"t":68,"s":[{"i":[[0,0],[43,-31]],"o":[[0,0],[0,0]],"v":[[-30.5,-46.55],[-45.5,32.95]],"c":false}]},{"i":{"x":0.833,"y":1},"o":{"x":0.167,"y":0},"t":69,"s":[{"i":[[0,0],[43,-22.205]],"o":[[0,0],[0,0]],"v":[[-30.5,-46.55],[-55,39.45]],"c":false}]},{"i":{"x":0.833,"y":1},"o":{"x":0.167,"y":0},"t":70,"s":[{"i":[[0,0],[53,7.5]],"o":[[0,0],[0,0]],"v":[[-30.5,-46.55],[-75.5,39.45]],"c":false}]},{"i":{"x":0.833,"y":1},"o":{"x":0.167,"y":0},"t":72,"s":[{"i":[[0,0],[68.5,-12.5]],"o":[[0,0],[0,0]],"v":[[-30.5,-46.55],[-45,36.45]],"c":false}]},{"i":{"x":0.833,"y":1},"o":{"x":0.167,"y":0},"t":74,"s":[{"i":[[0,0],[54.5,-17.25]],"o":[[0,0],[0,0]],"v":[[-30.5,-46.55],[-14,28.2]],"c":false}]},{"i":{"x":0.833,"y":1},"o":{"x":0.167,"y":0},"t":76,"s":[{"i":[[0,0],[34,-29.75]],"o":[[0,0],[0,0]],"v":[[-30.5,-46.55],[3,30.2]],"c":false}]},{"i":{"x":0.833,"y":1},"o":{"x":0.167,"y":0},"t":78,"s":[{"i":[[0,0],[-29.5,-40.75]],"o":[[0,0],[0,0]],"v":[[-30.5,-46.55],[26.5,37.7]],"c":false}]},{"t":80,"s":[{"i":[[0,0],[-16.374,2.1]],"o":[[0,0],[0,0]],"v":[[-30.5,-46.55],[30.5,44.45]],"c":false}]}],"ix":2},"nm":"路径 1","mn":"ADBE Vector Shape - Group","hd":false},{"ty":"st","c":{"a":0,"k":[0.996078431373,0.690196078431,0.254901960784,1],"ix":3},"o":{"a":0,"k":100,"ix":4},"w":{"a":0,"k":37,"ix":5},"lc":2,"lj":1,"ml":10,"bm":0,"nm":"Stroke 1","mn":"ADBE Vector Graphic - Stroke","hd":false},{"ty":"tr","p":{"a":0,"k":[123,139.05],"ix":2},"a":{"a":0,"k":[0,0],"ix":1},"s":{"a":0,"k":[100,100],"ix":3},"r":{"a":0,"k":0,"ix":6},"o":{"a":0,"k":100,"ix":7},"sk":{"a":0,"k":0,"ix":4},"sa":{"a":0,"k":0,"ix":5},"nm":"变换"}],"nm":"Group 1","np":2,"cix":2,"bm":0,"ix":1,"mn":"ADBE Vector Group","hd":false}],"ip":0,"op":300,"st":0,"bm":0},{"ddd":0,"ind":8,"ty":4,"nm":"back right Outlines","parent":9,"sr":1,"ks":{"o":{"a":0,"k":100,"ix":11},"r":{"a":0,"k":0,"ix":10},"p":{"a":0,"k":[50.956,97.222,0],"ix":2},"a":{"a":0,"k":[92.5,92.5,0],"ix":1},"s":{"a":0,"k":[100,100,100],"ix":6}},"ao":0,"shapes":[{"ty":"gr","it":[{"ind":0,"ty":"sh","ix":1,"ks":{"a":1,"k":[{"i":{"x":0.833,"y":1},"o":{"x":0.167,"y":0},"t":0,"s":[{"i":[[0,0],[-16.374,2.1]],"o":[[0,0],[0,0]],"v":[[-30.5,-46.55],[30.5,44.45]],"c":false}]},{"i":{"x":0.833,"y":1},"o":{"x":0.167,"y":0},"t":5,"s":[{"i":[[0,0],[-1.25,-9.5]],"o":[[0,0],[0,0]],"v":[[-30.5,-46.55],[-15.25,45.45]],"c":false}]},{"i":{"x":0.833,"y":1},"o":{"x":0.167,"y":0},"t":7,"s":[{"i":[[0,0],[25.75,-27.5]],"o":[[0,0],[0,0]],"v":[[-30.5,-46.55],[-34.25,42.95]],"c":false}]},{"i":{"x":0.833,"y":1},"o":{"x":0.167,"y":0},"t":8,"s":[{"i":[[0,0],[37.75,-22]],"o":[[0,0],[0,0]],"v":[[-30.5,-46.55],[-44.25,33.95]],"c":false}]},{"i":{"x":0.833,"y":1},"o":{"x":0.167,"y":0},"t":9,"s":[{"i":[[0,0],[42.75,-19]],"o":[[0,0],[0,0]],"v":[[-30.5,-46.55],[-53.75,40.95]],"c":false}]},{"i":{"x":0.833,"y":1},"o":{"x":0.167,"y":0},"t":10,"s":[{"i":[[0,0],[56.25,7]],"o":[[0,0],[0,0]],"v":[[-30.5,-46.55],[-73.75,39.45]],"c":false}]},{"i":{"x":0.833,"y":1},"o":{"x":0.167,"y":0},"t":12,"s":[{"i":[[0,0],[66.75,-8]],"o":[[0,0],[0,0]],"v":[[-30.5,-46.55],[-43.75,34.95]],"c":false}]},{"i":{"x":0.833,"y":1},"o":{"x":0.167,"y":0},"t":14,"s":[{"i":[[0,0],[51.5,-18]],"o":[[0,0],[0,0]],"v":[[-30.5,-46.55],[-11,26.7]],"c":false}]},{"i":{"x":0.833,"y":1},"o":{"x":0.167,"y":0},"t":16,"s":[{"i":[[0,0],[29,-34.25]],"o":[[0,0],[0,0]],"v":[[-30.5,-46.55],[7,29.7]],"c":false}]},{"i":{"x":0.833,"y":1},"o":{"x":0.167,"y":0},"t":18,"s":[{"i":[[0,0],[-25,-32.75]],"o":[[0,0],[0,0]],"v":[[-30.5,-46.55],[28,35.7]],"c":false}]},{"i":{"x":0.833,"y":1},"o":{"x":0.167,"y":0},"t":20,"s":[{"i":[[0,0],[-16.374,2.1]],"o":[[0,0],[0,0]],"v":[[-30.5,-46.55],[30.5,44.45]],"c":false}]},{"i":{"x":0.833,"y":1},"o":{"x":0.167,"y":0},"t":25,"s":[{"i":[[0,0],[-1.25,-9.5]],"o":[[0,0],[0,0]],"v":[[-30.5,-46.55],[-15.25,45.45]],"c":false}]},{"i":{"x":0.833,"y":1},"o":{"x":0.167,"y":0},"t":27,"s":[{"i":[[0,0],[25.75,-27.5]],"o":[[0,0],[0,0]],"v":[[-30.5,-46.55],[-34.25,42.95]],"c":false}]},{"i":{"x":0.833,"y":1},"o":{"x":0.167,"y":0},"t":28,"s":[{"i":[[0,0],[37.75,-22]],"o":[[0,0],[0,0]],"v":[[-30.5,-46.55],[-44.25,33.95]],"c":false}]},{"i":{"x":0.833,"y":1},"o":{"x":0.167,"y":0},"t":29,"s":[{"i":[[0,0],[42.75,-19]],"o":[[0,0],[0,0]],"v":[[-30.5,-46.55],[-53.75,40.95]],"c":false}]},{"i":{"x":0.833,"y":1},"o":{"x":0.167,"y":0},"t":30,"s":[{"i":[[0,0],[56.25,7]],"o":[[0,0],[0,0]],"v":[[-30.5,-46.55],[-73.75,39.45]],"c":false}]},{"i":{"x":0.833,"y":1},"o":{"x":0.167,"y":0},"t":32,"s":[{"i":[[0,0],[66.75,-8]],"o":[[0,0],[0,0]],"v":[[-30.5,-46.55],[-43.75,34.95]],"c":false}]},{"i":{"x":0.833,"y":1},"o":{"x":0.167,"y":0},"t":34,"s":[{"i":[[0,0],[51.5,-18]],"o":[[0,0],[0,0]],"v":[[-30.5,-46.55],[-11,26.7]],"c":false}]},{"i":{"x":0.833,"y":1},"o":{"x":0.167,"y":0},"t":36,"s":[{"i":[[0,0],[29,-34.25]],"o":[[0,0],[0,0]],"v":[[-30.5,-46.55],[7,29.7]],"c":false}]},{"i":{"x":0.833,"y":1},"o":{"x":0.167,"y":0},"t":38,"s":[{"i":[[0,0],[-25,-32.75]],"o":[[0,0],[0,0]],"v":[[-30.5,-46.55],[28,35.7]],"c":false}]},{"i":{"x":0.833,"y":1},"o":{"x":0.167,"y":0},"t":40,"s":[{"i":[[0,0],[-16.374,2.1]],"o":[[0,0],[0,0]],"v":[[-30.5,-46.55],[30.5,44.45]],"c":false}]},{"i":{"x":0.833,"y":1},"o":{"x":0.167,"y":0},"t":45,"s":[{"i":[[0,0],[-1.25,-9.5]],"o":[[0,0],[0,0]],"v":[[-30.5,-46.55],[-15.25,45.45]],"c":false}]},{"i":{"x":0.833,"y":1},"o":{"x":0.167,"y":0},"t":47,"s":[{"i":[[0,0],[25.75,-27.5]],"o":[[0,0],[0,0]],"v":[[-30.5,-46.55],[-34.25,42.95]],"c":false}]},{"i":{"x":0.833,"y":1},"o":{"x":0.167,"y":0},"t":48,"s":[{"i":[[0,0],[37.75,-22]],"o":[[0,0],[0,0]],"v":[[-30.5,-46.55],[-44.25,33.95]],"c":false}]},{"i":{"x":0.833,"y":1},"o":{"x":0.167,"y":0},"t":49,"s":[{"i":[[0,0],[42.75,-19]],"o":[[0,0],[0,0]],"v":[[-30.5,-46.55],[-53.75,40.95]],"c":false}]},{"i":{"x":0.833,"y":1},"o":{"x":0.167,"y":0},"t":50,"s":[{"i":[[0,0],[56.25,7]],"o":[[0,0],[0,0]],"v":[[-30.5,-46.55],[-73.75,39.45]],"c":false}]},{"i":{"x":0.833,"y":1},"o":{"x":0.167,"y":0},"t":52,"s":[{"i":[[0,0],[66.75,-8]],"o":[[0,0],[0,0]],"v":[[-30.5,-46.55],[-43.75,34.95]],"c":false}]},{"i":{"x":0.833,"y":1},"o":{"x":0.167,"y":0},"t":54,"s":[{"i":[[0,0],[51.5,-18]],"o":[[0,0],[0,0]],"v":[[-30.5,-46.55],[-11,26.7]],"c":false}]},{"i":{"x":0.833,"y":1},"o":{"x":0.167,"y":0},"t":56,"s":[{"i":[[0,0],[29,-34.25]],"o":[[0,0],[0,0]],"v":[[-30.5,-46.55],[7,29.7]],"c":false}]},{"i":{"x":0.833,"y":1},"o":{"x":0.167,"y":0},"t":58,"s":[{"i":[[0,0],[-25,-32.75]],"o":[[0,0],[0,0]],"v":[[-30.5,-46.55],[28,35.7]],"c":false}]},{"i":{"x":0.833,"y":1},"o":{"x":0.167,"y":0},"t":60,"s":[{"i":[[0,0],[-16.374,2.1]],"o":[[0,0],[0,0]],"v":[[-30.5,-46.55],[30.5,44.45]],"c":false}]},{"i":{"x":0.833,"y":1},"o":{"x":0.167,"y":0},"t":65,"s":[{"i":[[0,0],[-1.25,-9.5]],"o":[[0,0],[0,0]],"v":[[-30.5,-46.55],[-15.25,45.45]],"c":false}]},{"i":{"x":0.833,"y":1},"o":{"x":0.167,"y":0},"t":67,"s":[{"i":[[0,0],[25.75,-27.5]],"o":[[0,0],[0,0]],"v":[[-30.5,-46.55],[-34.25,42.95]],"c":false}]},{"i":{"x":0.833,"y":1},"o":{"x":0.167,"y":0},"t":68,"s":[{"i":[[0,0],[37.75,-22]],"o":[[0,0],[0,0]],"v":[[-30.5,-46.55],[-44.25,33.95]],"c":false}]},{"i":{"x":0.833,"y":1},"o":{"x":0.167,"y":0},"t":69,"s":[{"i":[[0,0],[42.75,-19]],"o":[[0,0],[0,0]],"v":[[-30.5,-46.55],[-53.75,40.95]],"c":false}]},{"i":{"x":0.833,"y":1},"o":{"x":0.167,"y":0},"t":70,"s":[{"i":[[0,0],[56.25,7]],"o":[[0,0],[0,0]],"v":[[-30.5,-46.55],[-73.75,39.45]],"c":false}]},{"i":{"x":0.833,"y":1},"o":{"x":0.167,"y":0},"t":72,"s":[{"i":[[0,0],[66.75,-8]],"o":[[0,0],[0,0]],"v":[[-30.5,-46.55],[-43.75,34.95]],"c":false}]},{"i":{"x":0.833,"y":1},"o":{"x":0.167,"y":0},"t":74,"s":[{"i":[[0,0],[51.5,-18]],"o":[[0,0],[0,0]],"v":[[-30.5,-46.55],[-11,26.7]],"c":false}]},{"i":{"x":0.833,"y":1},"o":{"x":0.167,"y":0},"t":76,"s":[{"i":[[0,0],[29,-34.25]],"o":[[0,0],[0,0]],"v":[[-30.5,-46.55],[7,29.7]],"c":false}]},{"i":{"x":0.833,"y":1},"o":{"x":0.167,"y":0},"t":78,"s":[{"i":[[0,0],[-25,-32.75]],"o":[[0,0],[0,0]],"v":[[-30.5,-46.55],[28,35.7]],"c":false}]},{"t":80,"s":[{"i":[[0,0],[-16.374,2.1]],"o":[[0,0],[0,0]],"v":[[-30.5,-46.55],[30.5,44.45]],"c":false}]}],"ix":2},"nm":"路径 1","mn":"ADBE Vector Shape - Group","hd":false},{"ty":"st","c":{"a":0,"k":[0.996078431373,0.690196078431,0.254901960784,1],"ix":3},"o":{"a":0,"k":100,"ix":4},"w":{"a":0,"k":37,"ix":5},"lc":2,"lj":1,"ml":10,"bm":0,"nm":"Stroke 1","mn":"ADBE Vector Graphic - Stroke","hd":false},{"ty":"tr","p":{"a":0,"k":[123,139.05],"ix":2},"a":{"a":0,"k":[0,0],"ix":1},"s":{"a":0,"k":[100,100],"ix":3},"r":{"a":0,"k":0,"ix":6},"o":{"a":0,"k":100,"ix":7},"sk":{"a":0,"k":0,"ix":4},"sa":{"a":0,"k":0,"ix":5},"nm":"变换"}],"nm":"Group 1","np":2,"cix":2,"bm":0,"ix":1,"mn":"ADBE Vector Group","hd":false}],"ip":0,"op":300,"st":0,"bm":0},{"ddd":0,"ind":9,"ty":4,"nm":"body Outlines","sr":1,"ks":{"o":{"a":0,"k":100,"ix":11},"r":{"a":0,"k":0,"ix":10},"p":{"a":1,"k":[{"i":{"x":0.833,"y":1},"o":{"x":0.167,"y":0},"t":0,"s":[528.791,677.706,0],"to":[0,4.833,0],"ti":[0,-0.5,0]},{"i":{"x":0.833,"y":1},"o":{"x":0.167,"y":0},"t":5,"s":[528.791,706.706,0],"to":[0,0.5,0],"ti":[0,0.333,0]},{"i":{"x":0.833,"y":1},"o":{"x":0.167,"y":0},"t":10,"s":[528.791,680.706,0],"to":[0,-0.333,0],"ti":[0,-0.5,0]},{"i":{"x":0.833,"y":1},"o":{"x":0.167,"y":0},"t":14,"s":[528.791,704.706,0],"to":[0,0.5,0],"ti":[0,4.5,0]},{"i":{"x":0.833,"y":1},"o":{"x":0.167,"y":0},"t":18,"s":[528.791,683.706,0],"to":[0,-4.5,0],"ti":[0,-3.833,0]},{"i":{"x":0.833,"y":1},"o":{"x":0.167,"y":0},"t":20,"s":[528.791,677.706,0],"to":[0,3.833,0],"ti":[0,-0.5,0]},{"i":{"x":0.833,"y":1},"o":{"x":0.167,"y":0},"t":25,"s":[528.791,706.706,0],"to":[0,0.5,0],"ti":[0,0.333,0]},{"i":{"x":0.833,"y":1},"o":{"x":0.167,"y":0},"t":30,"s":[528.791,680.706,0],"to":[0,-0.333,0],"ti":[0,-0.5,0]},{"i":{"x":0.833,"y":1},"o":{"x":0.167,"y":0},"t":34,"s":[528.791,704.706,0],"to":[0,0.5,0],"ti":[0,4.5,0]},{"i":{"x":0.833,"y":1},"o":{"x":0.167,"y":0},"t":38,"s":[528.791,683.706,0],"to":[0,-4.5,0],"ti":[0,-3.833,0]},{"i":{"x":0.833,"y":1},"o":{"x":0.167,"y":0},"t":40,"s":[528.791,677.706,0],"to":[0,3.833,0],"ti":[0,-0.5,0]},{"i":{"x":0.833,"y":1},"o":{"x":0.167,"y":0},"t":45,"s":[528.791,706.706,0],"to":[0,0.5,0],"ti":[0,0.333,0]},{"i":{"x":0.833,"y":1},"o":{"x":0.167,"y":0},"t":50,"s":[528.791,680.706,0],"to":[0,-0.333,0],"ti":[0,-0.5,0]},{"i":{"x":0.833,"y":1},"o":{"x":0.167,"y":0},"t":54,"s":[528.791,704.706,0],"to":[0,0.5,0],"ti":[0,4.5,0]},{"i":{"x":0.833,"y":1},"o":{"x":0.167,"y":0},"t":58,"s":[528.791,683.706,0],"to":[0,-4.5,0],"ti":[0,-3.833,0]},{"i":{"x":0.833,"y":1},"o":{"x":0.167,"y":0},"t":60,"s":[528.791,677.706,0],"to":[0,3.833,0],"ti":[0,-0.5,0]},{"i":{"x":0.833,"y":1},"o":{"x":0.167,"y":0},"t":65,"s":[528.791,706.706,0],"to":[0,0.5,0],"ti":[0,0.333,0]},{"i":{"x":0.833,"y":1},"o":{"x":0.167,"y":0},"t":70,"s":[528.791,680.706,0],"to":[0,-0.333,0],"ti":[0,-0.5,0]},{"i":{"x":0.833,"y":1},"o":{"x":0.167,"y":0},"t":74,"s":[528.791,704.706,0],"to":[0,0.5,0],"ti":[0,4.5,0]},{"i":{"x":0.833,"y":1},"o":{"x":0.167,"y":0},"t":78,"s":[528.791,683.706,0],"to":[0,-4.5,0],"ti":[0,1,0]},{"t":80,"s":[528.791,677.706,0]}],"ix":2},"a":{"a":0,"k":[155.247,72.427,0],"ix":1},"s":{"a":0,"k":[100,100,100],"ix":6}},"ao":0,"shapes":[{"ty":"gr","it":[{"ind":0,"ty":"sh","ix":1,"ks":{"a":0,"k":{"i":[[39.56,0.777],[0,0],[-0.778,39.56],[0,0],[-2.642,-0.052],[0,0],[0.059,-2.997],[0,0]],"o":[[0,0],[-39.56,-0.779],[0,0],[0.052,-2.643],[0,0],[2.997,0.06],[0,0],[-0.778,39.56]],"v":[[80.684,71.4],[-83.999,68.163],[-154.22,-4.875],[-152.99,-67.434],[-148.111,-72.125],[149.618,-66.272],[154.938,-60.738],[153.721,1.179]],"c":true},"ix":2},"nm":"路径 1","mn":"ADBE Vector Shape - Group","hd":false},{"ty":"fl","c":{"a":0,"k":[0.996078431373,0.690196078431,0.254901960784,1],"ix":4},"o":{"a":0,"k":100,"ix":5},"r":1,"bm":0,"nm":"Fill 1","mn":"ADBE Vector Graphic - Fill","hd":false},{"ty":"tr","p":{"a":0,"k":[155.247,72.427],"ix":2},"a":{"a":0,"k":[0,0],"ix":1},"s":{"a":0,"k":[100,100],"ix":3},"r":{"a":0,"k":0,"ix":6},"o":{"a":0,"k":100,"ix":7},"sk":{"a":0,"k":0,"ix":4},"sa":{"a":0,"k":0,"ix":5},"nm":"变换"}],"nm":"Group 1","np":2,"cix":2,"bm":0,"ix":1,"mn":"ADBE Vector Group","hd":false}],"ip":0,"op":300,"st":0,"bm":0},{"ddd":0,"ind":10,"ty":4,"nm":"front left Outlines","parent":9,"sr":1,"ks":{"o":{"a":0,"k":100,"ix":11},"r":{"a":0,"k":0,"ix":10},"p":{"a":0,"k":[245.965,91.221,0],"ix":2},"a":{"a":0,"k":[147.509,92.5,0],"ix":1},"s":{"a":0,"k":[100,100,100],"ix":6}},"ao":0,"shapes":[{"ty":"gr","it":[{"ind":0,"ty":"sh","ix":1,"ks":{"a":1,"k":[{"i":{"x":0.833,"y":1},"o":{"x":0.167,"y":0},"t":0,"s":[{"i":[[0,0],[57,7]],"o":[[0,0],[0,0]],"v":[[26.5,-50.5],[-28.5,43.5]],"c":false}]},{"i":{"x":0.833,"y":1},"o":{"x":0.167,"y":0},"t":5,"s":[{"i":[[0,0],[59,-8.5]],"o":[[0,0],[0,0]],"v":[[26.5,-50.5],[30,28]],"c":false}]},{"i":{"x":0.833,"y":1},"o":{"x":0.167,"y":0},"t":7,"s":[{"i":[[0,0],[30.5,-33.5]],"o":[[0,0],[0,0]],"v":[[26.5,-50.5],[53.5,29]],"c":false}]},{"i":{"x":0.833,"y":1},"o":{"x":0.167,"y":0},"t":8,"s":[{"i":[[0,0],[13.5,-39]],"o":[[0,0],[0,0]],"v":[[26.5,-50.5],[63,23.5]],"c":false}]},{"i":{"x":0.833,"y":1},"o":{"x":0.167,"y":0},"t":9,"s":[{"i":[[0,0],[-22,-40.5]],"o":[[0,0],[0,0]],"v":[[26.5,-50.5],[75.5,35.5]],"c":false}]},{"i":{"x":0.833,"y":1},"o":{"x":0.167,"y":0},"t":10,"s":[{"i":[[0,0],[-44,-28.5]],"o":[[0,0],[0,0]],"v":[[26.5,-50.5],[79,40.5]],"c":false}]},{"i":{"x":0.833,"y":1},"o":{"x":0.167,"y":0},"t":12,"s":[{"i":[[0,0],[-39,-35]],"o":[[0,0],[0,0]],"v":[[26.5,-50.5],[58,49]],"c":false}]},{"i":{"x":0.833,"y":1},"o":{"x":0.167,"y":0},"t":14,"s":[{"i":[[0,0],[-7.25,-39]],"o":[[0,0],[0,0]],"v":[[26.5,-50.5],[34.75,47]],"c":false}]},{"i":{"x":0.833,"y":1},"o":{"x":0.167,"y":0},"t":16,"s":[{"i":[[0,0],[25.25,-29]],"o":[[0,0],[0,0]],"v":[[26.5,-50.5],[15.75,45.5]],"c":false}]},{"i":{"x":0.833,"y":1},"o":{"x":0.167,"y":0},"t":18,"s":[{"i":[[0,0],[45.25,-15.5]],"o":[[0,0],[0,0]],"v":[[26.5,-50.5],[-5.25,41]],"c":false}]},{"i":{"x":0.833,"y":1},"o":{"x":0.167,"y":0},"t":20,"s":[{"i":[[0,0],[57,7]],"o":[[0,0],[0,0]],"v":[[26.5,-50.5],[-28.5,43.5]],"c":false}]},{"i":{"x":0.833,"y":1},"o":{"x":0.167,"y":0},"t":25,"s":[{"i":[[0,0],[59,-8.5]],"o":[[0,0],[0,0]],"v":[[26.5,-50.5],[30,28]],"c":false}]},{"i":{"x":0.833,"y":1},"o":{"x":0.167,"y":0},"t":27,"s":[{"i":[[0,0],[30.5,-33.5]],"o":[[0,0],[0,0]],"v":[[26.5,-50.5],[53.5,29]],"c":false}]},{"i":{"x":0.833,"y":1},"o":{"x":0.167,"y":0},"t":28,"s":[{"i":[[0,0],[13.5,-39]],"o":[[0,0],[0,0]],"v":[[26.5,-50.5],[63,23.5]],"c":false}]},{"i":{"x":0.833,"y":1},"o":{"x":0.167,"y":0},"t":29,"s":[{"i":[[0,0],[-22,-40.5]],"o":[[0,0],[0,0]],"v":[[26.5,-50.5],[75.5,35.5]],"c":false}]},{"i":{"x":0.833,"y":1},"o":{"x":0.167,"y":0},"t":30,"s":[{"i":[[0,0],[-44,-28.5]],"o":[[0,0],[0,0]],"v":[[26.5,-50.5],[79,40.5]],"c":false}]},{"i":{"x":0.833,"y":1},"o":{"x":0.167,"y":0},"t":32,"s":[{"i":[[0,0],[-39,-35]],"o":[[0,0],[0,0]],"v":[[26.5,-50.5],[58,49]],"c":false}]},{"i":{"x":0.833,"y":1},"o":{"x":0.167,"y":0},"t":34,"s":[{"i":[[0,0],[-7.25,-39]],"o":[[0,0],[0,0]],"v":[[26.5,-50.5],[34.75,47]],"c":false}]},{"i":{"x":0.833,"y":1},"o":{"x":0.167,"y":0},"t":36,"s":[{"i":[[0,0],[25.25,-29]],"o":[[0,0],[0,0]],"v":[[26.5,-50.5],[15.75,45.5]],"c":false}]},{"i":{"x":0.833,"y":1},"o":{"x":0.167,"y":0},"t":38,"s":[{"i":[[0,0],[45.25,-15.5]],"o":[[0,0],[0,0]],"v":[[26.5,-50.5],[-5.25,41]],"c":false}]},{"i":{"x":0.833,"y":1},"o":{"x":0.167,"y":0},"t":40,"s":[{"i":[[0,0],[57,7]],"o":[[0,0],[0,0]],"v":[[26.5,-50.5],[-28.5,43.5]],"c":false}]},{"i":{"x":0.833,"y":1},"o":{"x":0.167,"y":0},"t":45,"s":[{"i":[[0,0],[59,-8.5]],"o":[[0,0],[0,0]],"v":[[26.5,-50.5],[30,28]],"c":false}]},{"i":{"x":0.833,"y":1},"o":{"x":0.167,"y":0},"t":47,"s":[{"i":[[0,0],[30.5,-33.5]],"o":[[0,0],[0,0]],"v":[[26.5,-50.5],[53.5,29]],"c":false}]},{"i":{"x":0.833,"y":1},"o":{"x":0.167,"y":0},"t":48,"s":[{"i":[[0,0],[13.5,-39]],"o":[[0,0],[0,0]],"v":[[26.5,-50.5],[63,23.5]],"c":false}]},{"i":{"x":0.833,"y":1},"o":{"x":0.167,"y":0},"t":49,"s":[{"i":[[0,0],[-22,-40.5]],"o":[[0,0],[0,0]],"v":[[26.5,-50.5],[75.5,35.5]],"c":false}]},{"i":{"x":0.833,"y":1},"o":{"x":0.167,"y":0},"t":50,"s":[{"i":[[0,0],[-44,-28.5]],"o":[[0,0],[0,0]],"v":[[26.5,-50.5],[79,40.5]],"c":false}]},{"i":{"x":0.833,"y":1},"o":{"x":0.167,"y":0},"t":52,"s":[{"i":[[0,0],[-39,-35]],"o":[[0,0],[0,0]],"v":[[26.5,-50.5],[58,49]],"c":false}]},{"i":{"x":0.833,"y":1},"o":{"x":0.167,"y":0},"t":54,"s":[{"i":[[0,0],[-7.25,-39]],"o":[[0,0],[0,0]],"v":[[26.5,-50.5],[34.75,47]],"c":false}]},{"i":{"x":0.833,"y":1},"o":{"x":0.167,"y":0},"t":56,"s":[{"i":[[0,0],[25.25,-29]],"o":[[0,0],[0,0]],"v":[[26.5,-50.5],[15.75,45.5]],"c":false}]},{"i":{"x":0.833,"y":1},"o":{"x":0.167,"y":0},"t":58,"s":[{"i":[[0,0],[45.25,-15.5]],"o":[[0,0],[0,0]],"v":[[26.5,-50.5],[-5.25,41]],"c":false}]},{"i":{"x":0.833,"y":1},"o":{"x":0.167,"y":0},"t":60,"s":[{"i":[[0,0],[57,7]],"o":[[0,0],[0,0]],"v":[[26.5,-50.5],[-28.5,43.5]],"c":false}]},{"i":{"x":0.833,"y":1},"o":{"x":0.167,"y":0},"t":65,"s":[{"i":[[0,0],[59,-8.5]],"o":[[0,0],[0,0]],"v":[[26.5,-50.5],[30,28]],"c":false}]},{"i":{"x":0.833,"y":1},"o":{"x":0.167,"y":0},"t":67,"s":[{"i":[[0,0],[30.5,-33.5]],"o":[[0,0],[0,0]],"v":[[26.5,-50.5],[53.5,29]],"c":false}]},{"i":{"x":0.833,"y":1},"o":{"x":0.167,"y":0},"t":68,"s":[{"i":[[0,0],[13.5,-39]],"o":[[0,0],[0,0]],"v":[[26.5,-50.5],[63,23.5]],"c":false}]},{"i":{"x":0.833,"y":1},"o":{"x":0.167,"y":0},"t":69,"s":[{"i":[[0,0],[-22,-40.5]],"o":[[0,0],[0,0]],"v":[[26.5,-50.5],[75.5,35.5]],"c":false}]},{"i":{"x":0.833,"y":1},"o":{"x":0.167,"y":0},"t":70,"s":[{"i":[[0,0],[-44,-28.5]],"o":[[0,0],[0,0]],"v":[[26.5,-50.5],[79,40.5]],"c":false}]},{"i":{"x":0.833,"y":1},"o":{"x":0.167,"y":0},"t":72,"s":[{"i":[[0,0],[-39,-35]],"o":[[0,0],[0,0]],"v":[[26.5,-50.5],[58,49]],"c":false}]},{"i":{"x":0.833,"y":1},"o":{"x":0.167,"y":0},"t":74,"s":[{"i":[[0,0],[-7.25,-39]],"o":[[0,0],[0,0]],"v":[[26.5,-50.5],[34.75,47]],"c":false}]},{"i":{"x":0.833,"y":1},"o":{"x":0.167,"y":0},"t":76,"s":[{"i":[[0,0],[25.25,-29]],"o":[[0,0],[0,0]],"v":[[26.5,-50.5],[15.75,45.5]],"c":false}]},{"i":{"x":0.833,"y":1},"o":{"x":0.167,"y":0},"t":78,"s":[{"i":[[0,0],[45.25,-15.5]],"o":[[0,0],[0,0]],"v":[[26.5,-50.5],[-5.25,41]],"c":false}]},{"t":80,"s":[{"i":[[0,0],[57,7]],"o":[[0,0],[0,0]],"v":[[26.5,-50.5],[-28.5,43.5]],"c":false}]}],"ix":2},"nm":"路径 1","mn":"ADBE Vector Shape - Group","hd":false},{"ty":"st","c":{"a":0,"k":[0.992156862745,0.58431372549,0.235294117647,1],"ix":3},"o":{"a":0,"k":100,"ix":4},"w":{"a":0,"k":37,"ix":5},"lc":2,"lj":1,"ml":10,"bm":0,"nm":"Stroke 1","mn":"ADBE Vector Graphic - Stroke","hd":false},{"ty":"tr","p":{"a":0,"k":[121,143],"ix":2},"a":{"a":0,"k":[0,0],"ix":1},"s":{"a":0,"k":[100,100],"ix":3},"r":{"a":0,"k":0,"ix":6},"o":{"a":0,"k":100,"ix":7},"sk":{"a":0,"k":0,"ix":4},"sa":{"a":0,"k":0,"ix":5},"nm":"变换"}],"nm":"Group 1","np":2,"cix":2,"bm":0,"ix":1,"mn":"ADBE Vector Group","hd":false}],"ip":0,"op":300,"st":0,"bm":0},{"ddd":0,"ind":11,"ty":4,"nm":"back left Outlines","parent":9,"sr":1,"ks":{"o":{"a":0,"k":100,"ix":11},"r":{"a":0,"k":0,"ix":10},"p":{"a":0,"k":[60.965,91.221,0],"ix":2},"a":{"a":0,"k":[147.509,92.5,0],"ix":1},"s":{"a":0,"k":[100,100,100],"ix":6}},"ao":0,"shapes":[{"ty":"gr","it":[{"ind":0,"ty":"sh","ix":1,"ks":{"a":1,"k":[{"i":{"x":0.833,"y":1},"o":{"x":0.167,"y":0},"t":0,"s":[{"i":[[0,0],[57,7]],"o":[[0,0],[0,0]],"v":[[26.5,-50.5],[-28.5,43.5]],"c":false}]},{"i":{"x":0.833,"y":1},"o":{"x":0.167,"y":0},"t":5,"s":[{"i":[[0,0],[60.5,-22]],"o":[[0,0],[0,0]],"v":[[26.5,-50.5],[28.5,33]],"c":false}]},{"i":{"x":0.833,"y":1},"o":{"x":0.167,"y":0},"t":7,"s":[{"i":[[0,0],[28.5,-53.5]],"o":[[0,0],[0,0]],"v":[[26.5,-50.5],[53.5,27.5]],"c":false}]},{"i":{"x":0.833,"y":1},"o":{"x":0.167,"y":0},"t":8,"s":[{"i":[[0,0],[14,-57.5]],"o":[[0,0],[0,0]],"v":[[26.5,-50.5],[61,24.5]],"c":false}]},{"i":{"x":0.833,"y":1},"o":{"x":0.167,"y":0},"t":9,"s":[{"i":[[0,0],[-30.5,-59.5]],"o":[[0,0],[0,0]],"v":[[26.5,-50.5],[73.5,36]],"c":false}]},{"i":{"x":0.833,"y":1},"o":{"x":0.167,"y":0},"t":10,"s":[{"i":[[0,0],[-44.5,-29]],"o":[[0,0],[0,0]],"v":[[26.5,-50.5],[77.5,42]],"c":false}]},{"i":{"x":0.833,"y":1},"o":{"x":0.167,"y":0},"t":12,"s":[{"i":[[0,0],[-39.5,-33.5]],"o":[[0,0],[0,0]],"v":[[26.5,-50.5],[57.5,47.5]],"c":false}]},{"i":{"x":0.833,"y":1},"o":{"x":0.167,"y":0},"t":14,"s":[{"i":[[0,0],[-4.25,-36.75]],"o":[[0,0],[0,0]],"v":[[26.5,-50.5],[32.75,47]],"c":false}]},{"i":{"x":0.833,"y":1},"o":{"x":0.167,"y":0},"t":16,"s":[{"i":[[0,0],[21.75,-22.5]],"o":[[0,0],[0,0]],"v":[[26.5,-50.5],[13.75,45.5]],"c":false}]},{"i":{"x":0.833,"y":1},"o":{"x":0.167,"y":0},"t":18,"s":[{"i":[[0,0],[41.75,-14.5]],"o":[[0,0],[0,0]],"v":[[26.5,-50.5],[-6.25,42]],"c":false}]},{"i":{"x":0.833,"y":1},"o":{"x":0.167,"y":0},"t":20,"s":[{"i":[[0,0],[57,7]],"o":[[0,0],[0,0]],"v":[[26.5,-50.5],[-28.5,43.5]],"c":false}]},{"i":{"x":0.833,"y":1},"o":{"x":0.167,"y":0},"t":25,"s":[{"i":[[0,0],[60.5,-22]],"o":[[0,0],[0,0]],"v":[[26.5,-50.5],[28.5,33]],"c":false}]},{"i":{"x":0.833,"y":1},"o":{"x":0.167,"y":0},"t":27,"s":[{"i":[[0,0],[28.5,-53.5]],"o":[[0,0],[0,0]],"v":[[26.5,-50.5],[53.5,27.5]],"c":false}]},{"i":{"x":0.833,"y":1},"o":{"x":0.167,"y":0},"t":28,"s":[{"i":[[0,0],[14,-57.5]],"o":[[0,0],[0,0]],"v":[[26.5,-50.5],[61,24.5]],"c":false}]},{"i":{"x":0.833,"y":1},"o":{"x":0.167,"y":0},"t":29,"s":[{"i":[[0,0],[-30.5,-59.5]],"o":[[0,0],[0,0]],"v":[[26.5,-50.5],[73.5,36]],"c":false}]},{"i":{"x":0.833,"y":1},"o":{"x":0.167,"y":0},"t":30,"s":[{"i":[[0,0],[-44.5,-29]],"o":[[0,0],[0,0]],"v":[[26.5,-50.5],[77.5,42]],"c":false}]},{"i":{"x":0.833,"y":1},"o":{"x":0.167,"y":0},"t":32,"s":[{"i":[[0,0],[-39.5,-33.5]],"o":[[0,0],[0,0]],"v":[[26.5,-50.5],[57.5,47.5]],"c":false}]},{"i":{"x":0.833,"y":1},"o":{"x":0.167,"y":0},"t":34,"s":[{"i":[[0,0],[-4.25,-36.75]],"o":[[0,0],[0,0]],"v":[[26.5,-50.5],[32.75,47]],"c":false}]},{"i":{"x":0.833,"y":1},"o":{"x":0.167,"y":0},"t":36,"s":[{"i":[[0,0],[21.75,-22.5]],"o":[[0,0],[0,0]],"v":[[26.5,-50.5],[13.75,45.5]],"c":false}]},{"i":{"x":0.833,"y":1},"o":{"x":0.167,"y":0},"t":38,"s":[{"i":[[0,0],[41.75,-14.5]],"o":[[0,0],[0,0]],"v":[[26.5,-50.5],[-6.25,42]],"c":false}]},{"i":{"x":0.833,"y":1},"o":{"x":0.167,"y":0},"t":40,"s":[{"i":[[0,0],[57,7]],"o":[[0,0],[0,0]],"v":[[26.5,-50.5],[-28.5,43.5]],"c":false}]},{"i":{"x":0.833,"y":1},"o":{"x":0.167,"y":0},"t":45,"s":[{"i":[[0,0],[60.5,-22]],"o":[[0,0],[0,0]],"v":[[26.5,-50.5],[28.5,33]],"c":false}]},{"i":{"x":0.833,"y":1},"o":{"x":0.167,"y":0},"t":47,"s":[{"i":[[0,0],[28.5,-53.5]],"o":[[0,0],[0,0]],"v":[[26.5,-50.5],[53.5,27.5]],"c":false}]},{"i":{"x":0.833,"y":1},"o":{"x":0.167,"y":0},"t":48,"s":[{"i":[[0,0],[14,-57.5]],"o":[[0,0],[0,0]],"v":[[26.5,-50.5],[61,24.5]],"c":false}]},{"i":{"x":0.833,"y":1},"o":{"x":0.167,"y":0},"t":49,"s":[{"i":[[0,0],[-30.5,-59.5]],"o":[[0,0],[0,0]],"v":[[26.5,-50.5],[73.5,36]],"c":false}]},{"i":{"x":0.833,"y":1},"o":{"x":0.167,"y":0},"t":50,"s":[{"i":[[0,0],[-44.5,-29]],"o":[[0,0],[0,0]],"v":[[26.5,-50.5],[77.5,42]],"c":false}]},{"i":{"x":0.833,"y":1},"o":{"x":0.167,"y":0},"t":52,"s":[{"i":[[0,0],[-39.5,-33.5]],"o":[[0,0],[0,0]],"v":[[26.5,-50.5],[57.5,47.5]],"c":false}]},{"i":{"x":0.833,"y":1},"o":{"x":0.167,"y":0},"t":54,"s":[{"i":[[0,0],[-4.25,-36.75]],"o":[[0,0],[0,0]],"v":[[26.5,-50.5],[32.75,47]],"c":false}]},{"i":{"x":0.833,"y":1},"o":{"x":0.167,"y":0},"t":56,"s":[{"i":[[0,0],[21.75,-22.5]],"o":[[0,0],[0,0]],"v":[[26.5,-50.5],[13.75,45.5]],"c":false}]},{"i":{"x":0.833,"y":1},"o":{"x":0.167,"y":0},"t":58,"s":[{"i":[[0,0],[41.75,-14.5]],"o":[[0,0],[0,0]],"v":[[26.5,-50.5],[-6.25,42]],"c":false}]},{"i":{"x":0.833,"y":1},"o":{"x":0.167,"y":0},"t":60,"s":[{"i":[[0,0],[57,7]],"o":[[0,0],[0,0]],"v":[[26.5,-50.5],[-28.5,43.5]],"c":false}]},{"i":{"x":0.833,"y":1},"o":{"x":0.167,"y":0},"t":65,"s":[{"i":[[0,0],[60.5,-22]],"o":[[0,0],[0,0]],"v":[[26.5,-50.5],[28.5,33]],"c":false}]},{"i":{"x":0.833,"y":1},"o":{"x":0.167,"y":0},"t":67,"s":[{"i":[[0,0],[28.5,-53.5]],"o":[[0,0],[0,0]],"v":[[26.5,-50.5],[53.5,27.5]],"c":false}]},{"i":{"x":0.833,"y":1},"o":{"x":0.167,"y":0},"t":68,"s":[{"i":[[0,0],[14,-57.5]],"o":[[0,0],[0,0]],"v":[[26.5,-50.5],[61,24.5]],"c":false}]},{"i":{"x":0.833,"y":1},"o":{"x":0.167,"y":0},"t":69,"s":[{"i":[[0,0],[-30.5,-59.5]],"o":[[0,0],[0,0]],"v":[[26.5,-50.5],[73.5,36]],"c":false}]},{"i":{"x":0.833,"y":1},"o":{"x":0.167,"y":0},"t":70,"s":[{"i":[[0,0],[-44.5,-29]],"o":[[0,0],[0,0]],"v":[[26.5,-50.5],[77.5,42]],"c":false}]},{"i":{"x":0.833,"y":1},"o":{"x":0.167,"y":0},"t":72,"s":[{"i":[[0,0],[-39.5,-33.5]],"o":[[0,0],[0,0]],"v":[[26.5,-50.5],[57.5,47.5]],"c":false}]},{"i":{"x":0.833,"y":1},"o":{"x":0.167,"y":0},"t":74,"s":[{"i":[[0,0],[-4.25,-36.75]],"o":[[0,0],[0,0]],"v":[[26.5,-50.5],[32.75,47]],"c":false}]},{"i":{"x":0.833,"y":1},"o":{"x":0.167,"y":0},"t":76,"s":[{"i":[[0,0],[21.75,-22.5]],"o":[[0,0],[0,0]],"v":[[26.5,-50.5],[13.75,45.5]],"c":false}]},{"i":{"x":0.833,"y":1},"o":{"x":0.167,"y":0},"t":78,"s":[{"i":[[0,0],[41.75,-14.5]],"o":[[0,0],[0,0]],"v":[[26.5,-50.5],[-6.25,42]],"c":false}]},{"t":80,"s":[{"i":[[0,0],[57,7]],"o":[[0,0],[0,0]],"v":[[26.5,-50.5],[-28.5,43.5]],"c":false}]}],"ix":2},"nm":"路径 1","mn":"ADBE Vector Shape - Group","hd":false},{"ty":"st","c":{"a":0,"k":[0.992156862745,0.58431372549,0.235294117647,1],"ix":3},"o":{"a":0,"k":100,"ix":4},"w":{"a":0,"k":37,"ix":5},"lc":2,"lj":1,"ml":10,"bm":0,"nm":"Stroke 1","mn":"ADBE Vector Graphic - Stroke","hd":false},{"ty":"tr","p":{"a":0,"k":[121,143],"ix":2},"a":{"a":0,"k":[0,0],"ix":1},"s":{"a":0,"k":[100,100],"ix":3},"r":{"a":0,"k":0,"ix":6},"o":{"a":0,"k":100,"ix":7},"sk":{"a":0,"k":0,"ix":4},"sa":{"a":0,"k":0,"ix":5},"nm":"变换"}],"nm":"Group 1","np":2,"cix":2,"bm":0,"ix":1,"mn":"ADBE Vector Group","hd":false}],"ip":0,"op":300,"st":0,"bm":0}]}],"layers":[{"ddd":0,"ind":1,"ty":0,"nm":"dog","refId":"comp_0","sr":1,"ks":{"o":{"a":0,"k":100,"ix":11},"r":{"a":0,"k":0,"ix":10},"p":{"a":0,"k":[418,336,0],"ix":2},"a":{"a":0,"k":[540,540,0],"ix":1},"s":{"a":0,"k":[113,113,100],"ix":6}},"ao":0,"w":1080,"h":1080,"ip":0,"op":80,"st":0,"bm":0}],"markers":[]}